unet_id,unet_split,class,orig_path,needs_mask,W,H,video
tr_flea_001,train,Flea Allergy,test/Flea Allergy/aug_0_2329_jpeg_jpg.rf.dfe31eb925c17dba5279fffe033f217a.jpg,True,640,640,
tr_flea_002,train,Flea Allergy,test/Flea Allergy/aug_0_6170_jpeg_jpg.rf.583acbe03ea110723491f4361b75fbe1.jpg,True,640,640,
tr_flea_003,train,Flea Allergy,test/Flea Allergy/aug_0_9445_jpeg.rf.8b45c622fcab4cae3be0c3d1b1a2dbe1.jpg,True,620,372,
tr_flea_004,train,Flea Allergy,test/Flea Allergy/image_24_jpg.rf.02b6cd1778af6cd0f9e53b7232dd1a64.jpg,True,640,640,
tr_flea_005,train,Flea Allergy,test/Flea Allergy/Image_60_jpg.rf.de3a08d33ce92708dc8e0804d2a1268f.jpg,True,780,585,
tr_flea_006,train,Flea Allergy,test/Flea Allergy/thumb-31-_jpg.rf.41052b1fb09a1618934654a9c4e876ed.jpg,True,200,150,
tr_flea_007,train,Flea Allergy,valid/Flea Allergy/1000010593_x4_jpg.rf.11da5c862634067e86b1ba9e97da5a54.jpg,True,640,640,
tr_flea_008,train,Flea Allergy,valid/Flea Allergy/aug_0_2779_jpeg.rf.d9b57a2d3ed11329669a11a89f5a7e80.jpg,True,474,355,
tr_flea_009,train,Flea Allergy,valid/Flea Allergy/aug_0_3008_jpeg_jpg.rf.05aad1328be3e390d44c704faf55bbd0.jpg,True,640,640,
tr_flea_010,train,Flea Allergy,valid/Flea Allergy/aug_0_4851_jpeg.rf.5b88d652a05d92f1fe3336a901d4c994.jpg,True,474,350,
tr_flea_011,train,Flea Allergy,valid/Flea Allergy/Image_77_jpg.rf.f99b710604f7f811a188a7ae12fd7496.jpg,True,720,406,
tr_flea_012,train,Flea Allergy,valid/Flea Allergy/image_8_jpg.rf.bf9ba2d8867e0016954d4aa6b2a17f02.jpg,True,640,640,
tr_flea_013,train,Flea Allergy,train/Flea Allergy/Atopic-dermatitis_Red-skin-dog-abdomen_DermVets_jpg.rf.149b5e31f83dc50f53fa2ba35bc7c57d.jpg,True,640,640,
tr_flea_014,train,Flea Allergy,train/Flea Allergy/aug_0_3019_jpeg.rf.432f9f34d2d25034eec788fc3238485d.jpg,True,563,750,
tr_flea_015,train,Flea Allergy,train/Flea Allergy/aug_0_342_jpeg_jpg.rf.0495bfae8608e175eb738ddf0c41b6bb.jpg,True,640,640,
tr_flea_016,train,Flea Allergy,train/Flea Allergy/aug_0_4104_jpeg_jpg.rf.993b057e2c000b6853ae92094503805c.jpg,True,640,640,
tr_flea_017,train,Flea Allergy,train/Flea Allergy/aug_0_4493_jpeg.rf.3c6103a2d6ea089d83b0eee3d881b8e4.jpg,True,474,350,
tr_flea_018,train,Flea Allergy,train/Flea Allergy/aug_0_5050_jpeg.rf.25e29d8c9dd4bc202114cbb37b0a17d6.jpg,True,474,350,
tr_flea_019,train,Flea Allergy,train/Flea Allergy/aug_0_5745_jpeg_jpg.rf.d2e5a6063af28458a56d3304938732e3.jpg,True,640,640,
tr_flea_020,train,Flea Allergy,train/Flea Allergy/aug_0_6356_jpeg.rf.aad3183baaa0d1f550c53128fcb0dcbd.jpg,True,620,372,
tr_flea_021,train,Flea Allergy,train/Flea Allergy/aug_0_6615_jpeg.rf.2d96bc64aaf5b189b04fbcaeebec0c69.jpg,True,474,355,
tr_flea_022,train,Flea Allergy,train/Flea Allergy/aug_0_7695_jpeg_jpg.rf.ccff4241dd1f40d2417d2348cb819403.jpg,True,640,640,
tr_flea_023,train,Flea Allergy,train/Flea Allergy/aug_0_862_jpeg_jpg.rf.43a8312dadeb480ec01cf0947e1e4663.jpg,True,640,640,
tr_flea_024,train,Flea Allergy,train/Flea Allergy/aug_0_9416_jpeg.rf.b7676eb31ba9a6a80b1cb24d81899ab7.jpg,True,563,750,
tr_flea_025,train,Flea Allergy,train/Flea Allergy/aug_0_9991_jpeg_jpg.rf.46a75ab3a56b2a441ff8b07d2e2ff06a.jpg,True,640,640,
tr_flea_026,train,Flea Allergy,train/Flea Allergy/flea_allergy-14-_jpg.rf.9cd5b437b3a0b3d12f4706daa0b17230.jpg,True,640,640,
tr_flea_027,train,Flea Allergy,train/Flea Allergy/flea_allergy-4-_jpg.rf.f05b011e32779ba795a83a089a91a905.jpg,True,640,640,
tr_flea_028,train,Flea Allergy,train/Flea Allergy/Image_13_jpg.rf.8e5018520bcb306ecfc5d11b2e85b37c.jpg,True,640,640,
tr_flea_029,train,Flea Allergy,train/Flea Allergy/Image_20-2-_JPG_jpg.rf.d697eb46f13d3c06f757d27a63b081b6.jpg,True,640,640,
tr_flea_030,train,Flea Allergy,train/Flea Allergy/Image_24-3-_png.rf.5313eeddc636588f6c65221635cde787.jpg,True,274,315,
tr_flea_031,train,Flea Allergy,train/Flea Allergy/Image_31-3-_jpg.rf.4a9513c7f906c9577e7784ad5981da9a.jpg,True,800,600,
tr_flea_032,train,Flea Allergy,train/Flea Allergy/Image_33-3-_jpg.rf.5b780ce81f14c1298681eae81a2dd8b7.jpg,True,640,640,
tr_flea_033,train,Flea Allergy,train/Flea Allergy/Image_37-1-_jpg.rf.a2a567849d113cb1f078b428e136df18.jpg,True,1000,664,
tr_flea_034,train,Flea Allergy,train/Flea Allergy/Image_42_jpg.rf.d841fbf8a895f2587d4f23d914aabacf.jpg,True,2016,1512,
tr_flea_035,train,Flea Allergy,train/Flea Allergy/Image_49_jpg.rf.325fa49d6f998d7ccf40d7ee78e203fd.jpg,True,640,640,
tr_flea_036,train,Flea Allergy,train/Flea Allergy/Image_61_jpg.rf.39f3101d74771c94a690630a4a013da5.jpg,True,236,177,
tr_flea_037,train,Flea Allergy,train/Flea Allergy/Image_79_jpg.rf.0b77276509cf4e101c17a8b95df46bee.jpg,True,640,640,
tr_flea_038,train,Flea Allergy,train/Flea Allergy/image_9_jpg.rf.8626f8e50601b33440810a0cddf5398e.jpg,True,640,640,
tr_flea_039,train,Flea Allergy,train/Flea Allergy/Poodle-hotspot-care-000125_png_jpg.rf.365b0a30ab1ee3e08c6128799eeb44fe.jpg,True,640,640,
tr_flea_040,train,Flea Allergy,train/Flea Allergy/thumb-12-_jpg.rf.388ac90bab3c4c1a0fefe30874da5605.jpg,True,150,200,
tr_flea_041,train,Flea Allergy,train/Flea Allergy/thumb-12-_jpg.rf.d1c16bc74b4c7eff13ffbe90e834e41a.jpg,True,150,200,
tr_flea_042,train,Flea Allergy,train/Flea Allergy/thumb-14-_jpg.rf.1dccc40a2ae733a49fd4813016e02e53.jpg,True,150,200,
tr_flea_043,train,Flea Allergy,train/Flea Allergy/thumb-29-_jpg.rf.b0980b7d855bd10607d65cf716ce81bc.jpg,True,200,193,
tr_flea_044,train,Flea Allergy,train/Flea Allergy/thumb-31-_jpg.rf.9e970fadf3cf5942ea7f94b8da577cba.jpg,True,150,200,
tr_flea_045,train,Flea Allergy,train/Flea Allergy/thumb-37-_jpg.rf.3672f896b1ba332c9101deea4c3b80f4.jpg,True,200,193,
tr_flea_046,train,Flea Allergy,train/Flea Allergy/thumb-43-_jpg.rf.414867929729508d7dda1b8b4553d7a9.jpg,True,200,154,
tr_flea_047,train,Flea Allergy,train/Flea Allergy/thumb-44-_jpg.rf.eb0c92171a6205db8050de9f4afa9ea3.jpg,True,150,200,
tr_flea_048,train,Flea Allergy,train/Flea Allergy/thumb-45-_jpg.rf.fbf11e50cbc623d0d68e63d7c974317e.jpg,True,200,193,
tr_flea_049,train,Flea Allergy,train/Flea Allergy/thumb-47-_jpg.rf.88ad4ed4baf61c0d74ae9411e0d85560.jpg,True,150,200,
tr_flea_050,train,Flea Allergy,train/Flea Allergy/thumb-5-_jpg.rf.0ca22e7731d2d1b3ae92eb78356ba82a.jpg,True,150,200,
tr_ring_001,train,Ringworm,test/Ringworm/jamur22_jpeg_jpg.rf.b38e02789ef94f0adf5552c2e3ef5367.jpg,True,640,640,
tr_ring_002,train,Ringworm,test/Ringworm/jamur96_jpeg_jpg.rf.1bfbeb493479dac67bb8785dcfbbed23.jpg,True,640,640,
tr_ring_003,train,Ringworm,test/Ringworm/ringworm40_jpg.rf.ee2e08c30ac2326bdd33b190cc4c3650.jpg,True,640,640,
tr_ring_004,train,Ringworm,test/Ringworm/Screenshot-2024-11-16-183007_png.rf.f6acd9fba4cb8c3a6fb1f63e4cabfc48.jpg,True,272,261,
tr_ring_005,train,Ringworm,valid/Ringworm/356256824_859063205821523_8735668290154415751_n_jpg.rf.9d9b42f6e172c089c669111d740cd686.jpg,True,2048,1538,
tr_ring_006,train,Ringworm,valid/Ringworm/Image_11_jpg.rf.359d02d1df9dd1fbd21a75fd02431631.jpg,True,640,640,
tr_ring_007,train,Ringworm,valid/Ringworm/Image_29-2-_jpg.rf.5f35169483fda5d5807cfa6813a1552d.jpg,True,640,640,
tr_ring_008,train,Ringworm,valid/Ringworm/Lick_granuloma_1_jpg.rf.ccbf7946cd5114a043fc67ac6861adc3.jpg,True,640,640,
tr_ring_009,train,Ringworm,valid/Ringworm/ringworm46_png.rf.9f428e0d9df6525e7414583c7a365ede.jpg,True,588,914,
tr_ring_010,train,Ringworm,valid/Ringworm/ringworm46_png_jpg.rf.21a35e89643ddde2185211982a42a436.jpg,True,640,640,
tr_ring_011,train,Ringworm,valid/Ringworm/Screenshot-2024-10-14-180043_png_jpg.rf.56e21a2eda6914aadbab91595f6ebb97.jpg,True,640,640,
tr_ring_012,train,Ringworm,valid/Ringworm/Screenshot-2024-11-16-182620_png.rf.d2d7767fd990a97f82148823e867520e.jpg,True,297,197,
tr_ring_013,train,Ringworm,valid/Ringworm/Screenshot-2024-11-16-182941_png.rf.f78972281d251b0b266648effbf27f8e.jpg,True,302,298,
tr_ring_014,train,Ringworm,train/Ringworm/1000010765_x4_jpg.rf.1d73b78a8f353b7ed6cc7d68e457798c.jpg,True,640,640,
tr_ring_015,train,Ringworm,train/Ringworm/135195862_10222884899858522_306512586281914012_n_jpg.rf.9d4198afcb192dcebdc2a992da181805.jpg,True,640,640,
tr_ring_016,train,Ringworm,train/Ringworm/141309628_3721209851319478_6017019068231788383_n_jpg.rf.46869fbff9ddaa7da9a12a5f6782b167.jpg,True,1536,2048,
tr_ring_017,train,Ringworm,train/Ringworm/141725846_3721210257986104_5054501378569814826_n_jpg.rf.10f0e8d34c673f3401eba3e293c403b2.jpg,True,640,640,
tr_ring_018,train,Ringworm,train/Ringworm/143867586_10226592175940714_8038162198825059119_n_jpg.rf.ff626c37f4be4f4736e6dc1a30dbc030.jpg,True,1536,2048,
tr_ring_019,train,Ringworm,train/Ringworm/438910578_10220571452555225_8508184020251308112_n_jpg.rf.ca24e018583a66b4cf3ef7594692f15d.jpg,True,526,1139,
tr_ring_020,train,Ringworm,train/Ringworm/Atopic-dermatitis_Dog-chronic-lick-sore-on-leg_DermVets_jpg.rf.3dac1f6d3ade3d3601d8b78118c6ecf1.jpg,True,640,640,
tr_ring_021,train,Ringworm,train/Ringworm/HOT-SPOT-IN-DOG-HOW-vet-treated-symptom-prevention_-flea-bite-moist-eczema_dog-itching-000454_png_jpg.rf.6a76091296f5c12daf1aad4afdedc992.jpg,True,640,640,
tr_ring_022,train,Ringworm,train/Ringworm/hot-spots-suck_00043_jpg.rf.322ffb793316fcb4dd08b8e6137fe005.jpg,True,640,640,
tr_ring_023,train,Ringworm,train/Ringworm/hot-spots-suck_00103_jpg.rf.71bc1c99ced16776314e4d052d0c7d1e.jpg,True,640,640,
tr_ring_024,train,Ringworm,train/Ringworm/hotspot-70-_jpg.rf.66d5bae5ddf6e85bf95727f0810ba121.jpg,True,640,640,
tr_ring_025,train,Ringworm,train/Ringworm/Image_20-2-_jpg.rf.3c216bf1fa87d0c66891cd7764c0adfd.jpg,True,640,640,
tr_ring_026,train,Ringworm,train/Ringworm/Image_20-3-_jpg.rf.710f8122b2a283cedfc676b374a397c0.jpg,True,640,640,
tr_ring_027,train,Ringworm,train/Ringworm/Image_56-2-_JPG_jpg.rf.6c53b7e631e98c61f75adf5495392853.jpg,True,640,640,
tr_ring_028,train,Ringworm,train/Ringworm/j26_jpeg_jpg.rf.21ff299256024c8b85c85d65a884c748.jpg,True,640,640,
tr_ring_029,train,Ringworm,train/Ringworm/j27_jpeg_jpg.rf.21d365aa6e888f2638a50949e8af1558.jpg,True,640,640,
tr_ring_030,train,Ringworm,train/Ringworm/j31_jpeg_jpg.rf.2c281c803a4b4d0553856f3b59d2da96.jpg,True,640,640,
tr_ring_031,train,Ringworm,train/Ringworm/j48_jpeg_jpg.rf.6c770f26bd78c727b8db6de069168825.jpg,True,640,640,
tr_ring_032,train,Ringworm,train/Ringworm/jamur31_jpeg_jpg.rf.d19c5c6c1bec01fbc29468db65cd5d05.jpg,True,640,640,
tr_ring_033,train,Ringworm,train/Ringworm/jamur35_jpeg_jpg.rf.8cd69cd0da0e51ee22e1001900ab637b.jpg,True,640,640,
tr_ring_034,train,Ringworm,train/Ringworm/jamur8_jpeg_jpg.rf.6dd1250e64254e3b761bdcff77c66517.jpg,True,640,640,
tr_ring_035,train,Ringworm,train/Ringworm/jamur91_jpeg_jpg.rf.b3f2fbc28e61179ecfea9a5245e40dd1.jpg,True,640,640,
tr_ring_036,train,Ringworm,train/Ringworm/May-is-allergy-awareness-month-here-at-The-Shot-Spot_01552_jpg.rf.0c0dc5beb5c3604e9717a3a7e477cb37.jpg,True,640,640,
tr_ring_037,train,Ringworm,train/Ringworm/Ringworm-in-Cats-Treatments-and-Symptoms-5_jpg.rf.189c7a2ffb53d87400deb3e498506db7.jpg,True,640,640,
tr_ring_038,train,Ringworm,train/Ringworm/Ringworm-in-Cats-Treatments-and-Symptoms-5_jpg.rf.444f503e8c90e0e91ee84119fd8cd14d.jpg,True,640,640,
tr_ring_039,train,Ringworm,train/Ringworm/ringworm16_jpg.rf.64cc4543a91e1a9d3b524c77692c2402.jpg,True,640,640,
tr_ring_040,train,Ringworm,train/Ringworm/ringworm17_jpg.rf.cd258d98f1a808118037b7cc20b7c5dc.jpg,True,640,640,
tr_ring_041,train,Ringworm,train/Ringworm/ringworm26_jpg.rf.72abd02a0590adcbc4b78e5f5b9cc2ea.jpg,True,640,640,
tr_ring_042,train,Ringworm,train/Ringworm/ringworm28_jpg.rf.e2b598398a66b559d223af3b43b4fabb.jpg,True,640,640,
tr_ring_043,train,Ringworm,train/Ringworm/ringworm29_jpg.rf.bf09cac704fda4aadaffb9b465093cba.jpg,True,640,640,
tr_ring_044,train,Ringworm,train/Ringworm/ringworm46_png_jpg.rf.86fb8f17098ea8a9df11235d16a54d62.jpg,True,640,640,
tr_ring_045,train,Ringworm,train/Ringworm/ringworm6_jpg.rf.02dddae93d599b9f8e80f53a1e40b34e.jpg,True,640,640,
tr_ring_046,train,Ringworm,train/Ringworm/Screenshot-2024-10-14-182237_png_jpg.rf.b5b487301fc5a760d9beb4500db7ee96.jpg,True,640,640,
tr_ring_047,train,Ringworm,train/Ringworm/Screenshot-2024-11-16-182913_png.rf.8150a2a10504fc1650690da9ce2f309d.jpg,True,233,177,
tr_ring_048,train,Ringworm,train/Ringworm/Screenshot-2024-11-16-183256_png.rf.6bd25797fc056e44e0592746d92e1f3a.jpg,True,251,155,
tr_ring_049,train,Ringworm,train/Ringworm/Screenshot-2024-11-16-183716_png.rf.f6f0163ca4080b1734ebc0d0b68add55.jpg,True,320,210,
tr_ring_050,train,Ringworm,train/Ringworm/Thank-you-all-for-your-support_00004_jpg.rf.e9e411678c19cfaae5bc70e52a2aca75.jpg,True,640,640,
tr_scab_001,train,Scabies,test/Scabies/Screenshot-2024-11-16-181659_png.rf.1f4b24727999907193660a34cc8cf83a.jpg,True,291,372,
tr_scab_002,train,Scabies,valid/Scabies/21_png_jpg.rf.9b5d0a66a486ac1774dc11be31638bba.jpg,True,332,307,
tr_scab_003,train,Scabies,valid/Scabies/22_png_jpg.rf.dba229fc66108d7c1cbbed76a56ecfe0.jpg,True,395,344,
tr_scab_004,train,Scabies,valid/Scabies/6_png_jpg.rf.39de6edbc7ca91d81a4721a9c5773ef7.jpg,True,784,425,
tr_scab_005,train,Scabies,valid/Scabies/8_png_jpg.rf.c8af13ca0cec0fd29488092dbb7a92a4.jpg,True,335,407,
tr_scab_006,train,Scabies,valid/Scabies/frame9_470_jpg.rf.425d47f1d928c245e7b67c6392d08483.jpg,True,640,640,frame9
tr_scab_007,train,Scabies,valid/Scabies/frame_60_jpg.rf.8f481517a7d6ff4822bd1a3ee9eccdf7.jpg,True,640,640,
tr_scab_008,train,Scabies,valid/Scabies/image29_png_jpg.rf.918f3ec19a515a1075acaaaf2db92799.jpg,True,378,422,
tr_scab_009,train,Scabies,valid/Scabies/image_scabies4_png_jpg.rf.df569242b65c0e584f699fd9bc528bf8.jpg,True,450,362,
tr_scab_010,train,Scabies,valid/Scabies/Screenshot-2024-11-16-181958_png.rf.1512b32995c985ff01697139a57ecee0.jpg,True,302,193,
tr_scab_011,train,Scabies,train/Scabies/3_png_jpg.rf.a056dae653f024d984369a5dbd5a57b6.jpg,True,550,386,
tr_scab_012,train,Scabies,train/Scabies/10_png_jpg.rf.7b7aa8123bf4ebc5f27ed03975663b0f.jpg,True,574,428,
tr_scab_013,train,Scabies,train/Scabies/14_png_jpg.rf.3c359563c9e82218535ceae60f0722b1.jpg,True,544,387,
tr_scab_014,train,Scabies,train/Scabies/16_png_jpg.rf.ebb52a41dcca2562e5419513521fd5af.jpg,True,376,365,
tr_scab_015,train,Scabies,train/Scabies/24_png_jpg.rf.7d5a03c7576051249b95a4b666d2266b.jpg,True,510,304,
tr_scab_016,train,Scabies,train/Scabies/25_png_jpg.rf.7f3a06c750d7cbbcefb271a23e9ab19e.jpg,True,388,365,
tr_scab_017,train,Scabies,train/Scabies/D2XXGy_WkAEBVy__jpg.rf.3dd13f5ed61b6353a1da2a75fe721aa3.jpg,True,655,471,
tr_scab_018,train,Scabies,train/Scabies/download-2-_jpeg_jpg.rf.e46e4c221a521cfdaabf52e334a70449.jpg,True,275,183,
tr_scab_019,train,Scabies,train/Scabies/frame_11_jpg.rf.7efa630de525b4cca7e62941fb011866.jpg,True,640,640,
tr_scab_020,train,Scabies,train/Scabies/Frame-0_jpeg_jpg.rf.dd51ac87e7b378777f4fe05885d72920.jpg,True,640,360,frame0
tr_scab_021,train,Scabies,train/Scabies/Frame-3_jpeg_jpg.rf.931cc22c44e4fdde7ccae2fd2887e52a.jpg,True,640,360,frame3
tr_scab_022,train,Scabies,train/Scabies/frame4_842_jpg.rf.3a12a67563303c2513936a68bf189041.jpg,True,640,640,frame4
tr_scab_023,train,Scabies,train/Scabies/frame5_563_jpg.rf.76b9352a8241e1573f7ef624281d2b52.jpg,True,640,640,frame5
tr_scab_024,train,Scabies,train/Scabies/frame6_711_jpg.rf.61c446debacac89acb319891131b390e.jpg,True,640,640,frame6
tr_scab_025,train,Scabies,train/Scabies/Frame-7_jpeg_jpg.rf.9700798d68647b4dc60ddf2db34a3ae5.jpg,True,640,360,frame7
tr_scab_026,train,Scabies,train/Scabies/Frame-45_jpeg_jpg.rf.9a78bc59cc894daefc07b30edd33d02f.jpg,True,640,352,frame45
tr_scab_027,train,Scabies,train/Scabies/Ft_UeHtaUAAHB5h_jpg.rf.6f37d96f738f794a1c2972a6bcbbe4aa.jpg,True,2048,1536,
tr_scab_028,train,Scabies,train/Scabies/IG1_1_jpg.rf.68688d69ac9ba2a81a0b3fc86b2618ba.jpg,True,640,640,IG1
tr_scab_029,train,Scabies,train/Scabies/IG4_133_jpg.rf.8bb0ba689156c509b432342f27c74cee.jpg,True,640,640,IG4
tr_scab_030,train,Scabies,train/Scabies/IG7_295_jpg.rf.13659112737063161916c0d466b3c2b6.jpg,True,640,640,IG7
tr_scab_031,train,Scabies,train/Scabies/IG9_189_jpg.rf.fc66a9a9c139b138e6dbd9a1ee057298.jpg,True,640,640,IG9
tr_scab_032,train,Scabies,train/Scabies/image_scabies5_png_jpg.rf.5ded793973cbce0f22e5cc24a94b114b.jpg,True,499,409,
tr_scab_033,train,Scabies,train/Scabies/image_scabies7_png_jpg.rf.71b7b432d80bf5ea98bcc71548a9e86c.jpg,True,687,439,
tr_scab_034,train,Scabies,train/Scabies/image_scabies11_png_jpg.rf.22e08d39b2ef02aa41d779b35963477b.jpg,True,820,410,
tr_scab_035,train,Scabies,train/Scabies/image14_png_jpg.rf.5c2f203fbd388f8eaf215d05865c6c3f.jpg,True,565,408,
tr_scab_036,train,Scabies,train/Scabies/image23_png_jpg.rf.48b9811c31f12c1c9d2466e56e670a13.jpg,True,543,411,
tr_scab_037,train,Scabies,train/Scabies/images_jpeg_jpg.rf.13e5ebe32529c3716afee5e1517122e4.jpg,True,263,192,
tr_scab_038,train,Scabies,train/Scabies/images-3-_jpeg_jpg.rf.2f03014623b1d67f5ba629171212a059.jpg,True,276,183,
tr_scab_039,train,Scabies,train/Scabies/images-4-_jpeg_jpg.rf.596a3220163bc7db4d729a436ed1fb94.jpg,True,248,203,
tr_scab_040,train,Scabies,train/Scabies/images-7-_jpeg_jpg.rf.f8b9c45dba4c3f15ae332ed8bb72d008.jpg,True,187,269,
tr_scab_041,train,Scabies,train/Scabies/images-8-_jpeg_jpg.rf.26f3c155c2f92334abc5b69a8f4d55d8.jpg,True,259,194,
tr_scab_042,train,Scabies,train/Scabies/Screenshot-2024-11-16-180549_png.rf.f73407f00bf4f36181ca9075ba56d089.jpg,True,316,397,
tr_scab_043,train,Scabies,train/Scabies/Screenshot-2024-11-16-180736_png.rf.dd78a6c76b9b4baab3c70b430ea96255.jpg,True,273,342,
tr_scab_044,train,Scabies,train/Scabies/Screenshot-2024-11-16-180915_png.rf.8dee1866201776295793e542e2045877.jpg,True,277,308,
tr_scab_045,train,Scabies,train/Scabies/Screenshot-2024-11-16-181312_png.rf.3abcae17007c81615b4688d12ab425df.jpg,True,276,353,
tr_scab_046,train,Scabies,train/Scabies/Screenshot-2024-11-16-181330_png.rf.5e7312203f234bf14d96732fae5d7ca7.jpg,True,303,248,
tr_scab_047,train,Scabies,train/Scabies/Screenshot-2024-11-16-181452_png.rf.57e98c8cc7e0591e86ca4d7e57ff9e08.jpg,True,291,481,
tr_scab_048,train,Scabies,train/Scabies/Screenshot-2024-11-16-181635_png.rf.0859d7ce02b715d99d984ab910aea356.jpg,True,247,175,
tr_scab_049,train,Scabies,train/Scabies/Screenshot-2024-11-16-184335_png.rf.f963b10a4975edae2dc7e3fb541885f7.jpg,True,283,170,
tr_scab_050,train,Scabies,train/Scabies/Screenshot-2024-11-16-185049_png.rf.083b903ae6db6bd3fc88bcdacd763db0.jpg,True,318,237,
tr_health_001,train,Health,test/Health/0059-thtSvXd1VyI_jpg.rf.2365612ca3ce9fabf88672ce9395dede.jpg,False,640,640,
tr_health_002,train,Health,test/Health/1165-BFCBVXDmRNE_jpg.rf.91480c3572249987681894dc1b80212d.jpg,False,640,640,
tr_health_003,train,Health,test/Health/bc8e4bb0d4e38b9aada5f22dd1b4a807_jpg.rf.491031e120a5fdd06133b6143549e54e.jpg,False,640,640,
tr_health_004,train,Health,test/Health/FWpEW6sFgsU_jpg.rf.35e34eb41984796cf6d2f76719d14a8e.jpg,False,640,640,
tr_health_005,train,Health,valid/Health/2157-0UGcnqOh_DU_jpg.rf.640adc23c00cbf0fff982f4987156b99.jpg,False,640,640,
tr_health_006,train,Health,valid/Health/2979-wbyrklebyy0_jpg.rf.9059d190d118406a6b670d9cf54dad70.jpg,False,640,640,
tr_health_007,train,Health,valid/Health/healthy32_png.rf.44e3ee6e4a7dbcc7cbfcd07f4d73ddaf.jpg,False,640,853,
tr_health_008,train,Health,valid/Health/PfHZeWEi2dw_jpg.rf.f99769bf6b88fd4b8a24152900fe6011.jpg,False,640,640,
tr_health_009,train,Health,valid/Health/photo1693329089_jpeg_jpg.rf.b9611db6fe5a058947565e1de9f291d3.jpg,False,640,640,
tr_health_010,train,Health,valid/Health/photo1693756065_jpeg_jpg.rf.8a0afbc61af8c51bbb66c9bd413d79a8.jpg,False,640,640,
tr_health_011,train,Health,valid/Health/photo1693974044-1-_jpeg_jpg.rf.664afb507dde84bf233e3594ca1322a0.jpg,False,640,640,
tr_health_012,train,Health,valid/Health/photo1695212035_jpeg_jpg.rf.9d285eba1c15d837b104a52d02b13738.jpg,False,640,640,
tr_health_013,train,Health,valid/Health/photo1695534035_jpeg_jpg.rf.3a7e29b0669884d25067983c03505914.jpg,False,640,640,
tr_health_014,train,Health,train/Health/0208-Jw7gaROGLig_jpg.rf.be5b450cb74f3b41a660ee49056f5f0b.jpg,False,640,640,
tr_health_015,train,Health,train/Health/0658-6XF5w5wcN_g_jpg.rf.f3c91566ce846321358ff081b1e0b0ab.jpg,False,640,640,
tr_health_016,train,Health,train/Health/0768-AVmcu7Jqr8_jpg.rf.310a0a720efcea76d28374519c9d2e03.jpg,False,640,640,
tr_health_017,train,Health,train/Health/1137-3J_oYC8fPvI_jpg.rf.d6648daca6eb2ebcd6ba2092dc6062e9.jpg,False,640,640,
tr_health_018,train,Health,train/Health/1600-jmRuaCphygw_jpg.rf.5cee6d69ae5cd6505aa9bbb139ae99a4.jpg,False,640,640,
tr_health_019,train,Health,train/Health/3114-rl9BwBQJv9U_jpg.rf.656ea30e9ebe3defee12f23968622a4a.jpg,False,640,640,
tr_health_020,train,Health,train/Health/3274-1ynq-hjl_1M_jpg.rf.72d5fe291b6f25eccb6a82a7958cfb8c.jpg,False,640,640,
tr_health_021,train,Health,train/Health/56ec96192c803dbcb139a1f127f70aa8_jpg.rf.b1d154dcf28205e907716317c61a0424.jpg,False,640,640,
tr_health_022,train,Health,train/Health/m8Y1ELIEJ60_jpg.rf.b28398a201bfcb3966755f681712ce2f.jpg,False,640,640,
tr_health_023,train,Health,train/Health/photo1693756121_jpeg_jpg.rf.676db67a3d1699b44b47dd07339e584f.jpg,False,640,640,
tr_health_024,train,Health,train/Health/photo1693964988_jpeg_jpg.rf.2577d55f834763efea59d4d3e347983a.jpg,False,640,640,
tr_health_025,train,Health,train/Health/photo1693974044_jpeg_jpg.rf.3d679a0bf206017670eef071c8ac0a5f.jpg,False,640,640,
tr_health_026,train,Health,train/Health/photo1694011656_jpeg_jpg.rf.0477087bd45c6c8fff78e0e5d6d4e00e.jpg,False,640,640,
tr_health_027,train,Health,train/Health/photo1694089604_jpeg_jpg.rf.1c9276986ce56a884c5371c2c75a8ca7.jpg,False,640,640,
tr_health_028,train,Health,train/Health/photo1694964242_jpeg_jpg.rf.3765885f2e9a67bff7eb936f88d215a7.jpg,False,640,640,
tr_health_029,train,Health,train/Health/photo1695536630_jpeg_jpg.rf.648a4110f3e13dcab422e03d479e7b47.jpg,False,640,640,
tr_health_030,train,Health,train/Health/photo1695703083_jpeg_jpg.rf.9fb0e5c5ecf34cd2d62df5f8d6b54687.jpg,False,640,640,
va_flea_001,val,Flea Allergy,valid/Flea Allergy/aug_0_1323_jpeg.rf.03334cf887e0a653b710e107317c4327.jpg,True,563,750,
va_flea_002,val,Flea Allergy,valid/Flea Allergy/aug_0_3663_jpeg.rf.40d22dfcacc3113db7d99807b1b45279.jpg,True,620,372,
va_flea_003,val,Flea Allergy,valid/Flea Allergy/hotspot-104-_jpg.rf.e5bfa5064a0067a78685d863b90ebec3.jpg,True,640,640,
va_flea_004,val,Flea Allergy,valid/Flea Allergy/Image_3-2-_jpg.rf.efed7fafa598f6b187dcfeb0d876258e.jpg,True,600,800,
va_flea_005,val,Flea Allergy,train/Flea Allergy/1000010601_x4_jpg.rf.ca59189e0ae80ca23401ca4dabaa5467.jpg,True,640,640,
va_flea_006,val,Flea Allergy,train/Flea Allergy/aug_0_2755_jpeg_jpg.rf.f32ad0b61710bf249ad50f570b58de1d.jpg,True,640,640,
va_flea_007,val,Flea Allergy,train/Flea Allergy/aug_0_7726_jpeg_jpg.rf.c1883571853aebf0a0a51d494b18c0aa.jpg,True,640,640,
va_flea_008,val,Flea Allergy,train/Flea Allergy/Image_41_jpeg.rf.518a3c92869d46065fb1991c439621e6.jpg,True,1000,600,
va_flea_009,val,Flea Allergy,train/Flea Allergy/Image_56_jpg.rf.9aff189f4c950e77e41a75cdecfcd733.jpg,True,640,640,
va_flea_010,val,Flea Allergy,train/Flea Allergy/thumb-30-_jpg.rf.15ab67e3841b9a444d7095bb7874a9b8.jpg,True,200,193,
va_ring_001,val,Ringworm,valid/Ringworm/ringworm9_jpg.rf.a65c057c244c1490a92670a2b251bf08.jpg,True,640,640,
va_ring_002,val,Ringworm,valid/Ringworm/s5_jpeg_jpg.rf.cd77e90a77efd88a7c2f95ab5e040ecd.jpg,True,640,640,
va_ring_003,val,Ringworm,valid/Ringworm/Screenshot-2024-10-14-175932_png_jpg.rf.4572120273f92b58ff542ca7cf6b81af.jpg,True,640,640,
va_ring_004,val,Ringworm,train/Ringworm/hotspot-50-_jpg.rf.d0a516dd072935eebf2e6fd1052b47e0.jpg,True,640,640,
va_ring_005,val,Ringworm,train/Ringworm/jamur49_jpeg_jpg.rf.832a99b03e6a6ad2a67f632e626a79fe.jpg,True,640,640,
va_ring_006,val,Ringworm,train/Ringworm/jamur88_jpeg_jpg.rf.df44ba83055ce05804aab6a5e52c3364.jpg,True,640,640,
va_ring_007,val,Ringworm,train/Ringworm/May-is-allergy-awareness-month-here-at-The-Shot-Spot_02797_jpg.rf.a7c0cb746c2d41310c1647bdd1f748ff.jpg,True,640,640,
va_ring_008,val,Ringworm,train/Ringworm/ringworm47_png_jpg.rf.94a4e109451e14e31d6d87a837b39282.jpg,True,640,640,
va_ring_009,val,Ringworm,train/Ringworm/Screenshot-2024-10-14-175932_png_jpg.rf.b7bb7900e90f2736bf626b8625d5e2cc.jpg,True,640,640,
va_ring_010,val,Ringworm,train/Ringworm/Screenshot-2024-11-16-182105_png.rf.be23292314fc3ff8da451c758cc398cf.jpg,True,287,172,
va_scab_001,val,Scabies,test/Scabies/Cidww4cUUAAThzp_jpg.rf.11c6aacb8911b7c1d409e6d24baf313f.jpg,True,1152,864,
va_scab_002,val,Scabies,test/Scabies/image27_png_jpg.rf.7bed9f207deec0189a6d80e91c361e67.jpg,True,253,332,
va_scab_003,val,Scabies,test/Scabies/image_scabies8_png_jpg.rf.700902df088de688acda812e6a7675a1.jpg,True,596,449,
va_scab_004,val,Scabies,valid/Scabies/FuOeDD_aYAESg1Q_jpg.rf.68302b142c7605a8d639657bc6be586f.jpg,True,2048,1536,
va_scab_005,val,Scabies,valid/Scabies/images-2-_jpeg_jpg.rf.aeb470f833de9cb25884db26232a48a9.jpg,True,299,168,
va_scab_006,val,Scabies,valid/Scabies/Screenshot-2024-11-16-180805_png.rf.2ffb6b169295193b1bddb7e7d5e0e915.jpg,True,242,252,
va_scab_007,val,Scabies,train/Scabies/26_png_jpg.rf.d06fd7101c6153dbd3901cc9754eb83a.jpg,True,378,297,
va_scab_008,val,Scabies,train/Scabies/download-5-_jpeg_jpg.rf.0c74d68e6b6dfabf871307f21c7932a8.jpg,True,275,183,
va_scab_009,val,Scabies,train/Scabies/Frame-8_jpeg_jpg.rf.0da4219e557411923f737a5d030f3d6b.jpg,True,640,360,frame8
va_scab_010,val,Scabies,train/Scabies/Frame-39_jpeg_jpg.rf.eb406932b5121914a72783d627c90b4d.jpg,True,640,352,frame39
va_health_001,val,Health,valid/Health/healthy22_jpg.rf.a80a2fa0dfd4578088059cdf5a722a1e.jpg,False,1300,866,
va_health_002,val,Health,train/Health/0567-85oWUFWKez8_jpg.rf.0634b2900bba46f7192806e4315df42f.jpg,False,640,640,
va_health_003,val,Health,train/Health/0873-diRExH62UgQ_jpg.rf.0b2cf553a92f7fec559b5d9639318568.jpg,False,640,640,
va_health_004,val,Health,train/Health/1421-Xu4q19OQZIU_jpg.rf.8aa38876a0530b9b0cdf79be7c0910b2.jpg,False,640,640,
va_health_005,val,Health,train/Health/photo1694943915_jpeg_jpg.rf.75927731e2bed6066e34f586303604fc.jpg,False,640,640,
te_flea_001,test,Flea Allergy,valid/Flea Allergy/aug_0_794_jpeg_jpg.rf.e811ee44d8d764f8c506c7324c71f816.jpg,True,640,640,
te_flea_002,test,Flea Allergy,valid/Flea Allergy/Image_15-2-_jpg.rf.920059cf67094b507ea0fe0a538cbb37.jpg,True,640,640,
te_flea_003,test,Flea Allergy,valid/Flea Allergy/thumb-19-_jpg.rf.620f6145ea1d29762bd96e7d10341d29.jpg,True,150,200,
te_flea_004,test,Flea Allergy,valid/Flea Allergy/thumb-21-_jpg.rf.a2b63977a47659f1cfea2811e3163b32.jpg,True,150,200,
te_flea_005,test,Flea Allergy,train/Flea Allergy/aug_0_3170_jpeg_jpg.rf.df39ac72df4b1f7a7fcb2984bb59aadd.jpg,True,640,640,
te_flea_006,test,Flea Allergy,train/Flea Allergy/aug_0_5453_jpeg.rf.d0ca161c14d88a97a079a7192923a52c.jpg,True,474,350,
te_flea_007,test,Flea Allergy,train/Flea Allergy/aug_0_6721_jpeg.rf.986e6a1e10e7d41994767f56df2cd95f.jpg,True,474,350,
te_flea_008,test,Flea Allergy,train/Flea Allergy/aug_0_7089_jpeg.rf.d547ba4da8c3f78a33bd30e60b9455e4.jpg,True,563,750,
te_flea_009,test,Flea Allergy,train/Flea Allergy/flea_allergy-58-_jpg.rf.b0077edb9230dbfa0e46a3b45be7f304.jpg,True,640,640,
te_flea_010,test,Flea Allergy,train/Flea Allergy/image_17_jpeg_jpg.rf.3187dabe2f5378996f60bd735141a233.jpg,True,640,640,
te_flea_011,test,Flea Allergy,train/Flea Allergy/image_3-1-_jpg.rf.cd02c871e109c41d3360daa0fb542db4.jpg,True,474,355,
te_flea_012,test,Flea Allergy,train/Flea Allergy/Image_43_jpg.rf.6e71a62ebc127152720a5aae397713be.jpg,True,620,372,
te_flea_013,test,Flea Allergy,train/Flea Allergy/thumb-15-_jpg.rf.60e01a5c2081ef99e4a8bd6d7b8a91a7.jpg,True,150,200,
te_flea_014,test,Flea Allergy,train/Flea Allergy/thumb-17-_jpg.rf.c33199bab1863eb0dcc6684ce73ce7d1.jpg,True,200,193,
te_flea_015,test,Flea Allergy,train/Flea Allergy/thumb-18-_jpg.rf.2790c0b60d23c1b1bd4de78c490cd560.jpg,True,150,200,
te_ring_001,test,Ringworm,valid/Ringworm/Image_12-2-_jpg.rf.84246a022ed338f84eeab777d59b6c96.jpg,True,640,640,
te_ring_002,test,Ringworm,valid/Ringworm/j25_jpeg_jpg.rf.2a0923ddb9ea2d4961c047c8f1e635c5.jpg,True,640,640,
te_ring_003,test,Ringworm,valid/Ringworm/j34_jpeg_jpg.rf.d986c31553b81733417c3da4e38a9bda.jpg,True,640,640,
te_ring_004,test,Ringworm,train/Ringworm/1000010607_x4_jpg.rf.6c3c39d15a31055469273267c132433e.jpg,True,640,640,
te_ring_005,test,Ringworm,train/Ringworm/358069253_983286479531093_1071686392254425794_n_jpg.rf.8a310fc428a4cd82f4ae966e16249f74.jpg,True,450,600,
te_ring_006,test,Ringworm,train/Ringworm/images-41-_jpeg_jpg.rf.ebde24f414c65275fb926c6ff9b222c0.jpg,True,640,640,
te_ring_007,test,Ringworm,train/Ringworm/Image_11-4-_jpg.rf.a1b06b4d65f09528af3fafc46787ee5c.jpg,True,640,640,
te_ring_008,test,Ringworm,train/Ringworm/Image_35-2-_jpg.rf.9d408a7f15a5b73c393ee077ced05cd1.jpg,True,640,640,
te_ring_009,test,Ringworm,train/Ringworm/Image_72-3-_jpg.rf.7e1a1c228dec02836e5d8ea28657cb2f.jpg,True,640,640,
te_ring_010,test,Ringworm,train/Ringworm/j26_jpeg_jpg.rf.141831cfdd55b3593ee364d7db13a70e.jpg,True,640,640,
te_ring_011,test,Ringworm,train/Ringworm/jamur15_jpeg_jpg.rf.46da39f6bb7995c4982e9c58a9cdfffd.jpg,True,640,640,
te_ring_012,test,Ringworm,train/Ringworm/Ringworm-lesion-in-cat_Yaya-photos_Shutterstock-jpg_webp.rf.d83ecd05d3a25c98a5c966da32abaa07.jpg,True,1000,651,
te_ring_013,test,Ringworm,train/Ringworm/Screenshot-2024-10-14-180656_png_jpg.rf.a05103b1add081c0bff15f8b7c253571.jpg,True,640,640,
te_ring_014,test,Ringworm,train/Ringworm/waj5_jpeg_jpg.rf.0c5284b2cec9bd19bf2d065428b138ae.jpg,True,640,640,
te_ring_015,test,Ringworm,train/Ringworm/waj9_jpeg_jpg.rf.b1cc0f87177079c2a8583e44cd0f2aa2.jpg,True,640,640,
te_scab_001,test,Scabies,test/Scabies/Ft_UdqnaUAI0SBV_jpg.rf.0ed8d68d47e51d05a26a7974973b63b9.jpg,True,2048,1536,
te_scab_002,test,Scabies,valid/Scabies/FuJheyMacAEJlkF_jpg.rf.18ff645a55ba34f764003d7d4620b054.jpg,True,2048,1536,
te_scab_003,test,Scabies,valid/Scabies/IG11_267_jpg.rf.4f32a1c5e27284ba4857d342b47f8bf4.jpg,True,640,640,IG11
te_scab_004,test,Scabies,valid/Scabies/scabies1_png.rf.14180a03a2bbed10360d730175d069fa.jpg,True,263,261,
te_scab_005,test,Scabies,valid/Scabies/Screenshot-2024-11-16-180840_png.rf.b0ecc758ad4a5277008919fed2b6c4b5.jpg,True,270,370,
te_scab_006,test,Scabies,train/Scabies/2_png_jpg.rf.74851c126de2502e1b291f0522aa7f4c.jpg,True,367,357,
te_scab_007,test,Scabies,train/Scabies/4_png_jpg.rf.82e91f3c0ec31915f2af105e48b461ea.jpg,True,556,419,
te_scab_008,test,Scabies,train/Scabies/27_png_jpg.rf.74d2731706b9d91f429904b12e3a2b59.jpg,True,1355,952,
te_scab_009,test,Scabies,train/Scabies/download-4-_jpeg_jpg.rf.8e25fb5fa1775b7248ff0eb5a115c9c6.jpg,True,194,259,
te_scab_010,test,Scabies,train/Scabies/EmIO-PRVgAAlu2e_jpg.rf.12f52ce9eeaf790745ec6dabc6386dc6.jpg,True,2048,2048,
te_scab_011,test,Scabies,train/Scabies/frame10_83_jpg.rf.d9218bfc66b0d1053a1e638f066254b3.jpg,True,640,640,frame10
te_scab_012,test,Scabies,train/Scabies/IG3_1_jpg.rf.f2bfde9b1bf1a269e5d32a589c8e5465.jpg,True,640,640,IG3
te_scab_013,test,Scabies,train/Scabies/Screenshot-2024-11-16-180521_png.rf.3716d637c92d28c6443f94adc61f0d91.jpg,True,262,220,
te_scab_014,test,Scabies,train/Scabies/Screenshot-2024-11-16-180654_png.rf.726c8284b81d2932694bce0306d24070.jpg,True,272,260,
te_scab_015,test,Scabies,train/Scabies/Screenshot-2024-11-16-182640_png.rf.8c002a7f219d57ca0aba600b3d89c7bc.jpg,True,301,252,
te_health_001,test,Health,valid/Health/0003-Zx043ICtTtE_jpg.rf.6451918f6f452625a0cfd98736fb71c8.jpg,False,640,640,
te_health_002,test,Health,train/Health/1538-jDY-V52FMkU_jpg.rf.f6c04d3c77226ac553527793396cb231.jpg,False,640,640,
te_health_003,test,Health,train/Health/1696-BWDKugpKq64_jpg.rf.aef041b948b95e651441c814cc6929ab.jpg,False,640,640,
te_health_004,test,Health,train/Health/40ab8a1be541621bb21685d24406ab26_jpg.rf.ecf2f2f3b8992619a36e6f560ac6eba4.jpg,False,640,640,
te_health_005,test,Health,train/Health/photo1694856015_jpeg_jpg.rf.3f3cf74f9fa93db53b089da1d4576fe3.jpg,False,640,640,
