date,run_name,img,filters,dense,dropout,bn,lr,weight_decay,augment,class_weights,seed,epochs_run,best_epoch,params,val_acc,val_macro_f1
2026-10-07 13:39,np_v1,64,"32,64,128",128,0.5,True,0.001,0.0001,True,False,42,52,37,110500,0.6696,0.648
2026-10-07 14:28,np_v1_s1,64,"32,64,128",128,0.5,True,0.001,0.0001,True,False,1,48,33,110500,0.6696,0.6316
2026-10-07 14:40,np_v1_s2,64,"32,64,128",128,0.5,True,0.001,0.0001,True,False,2,80,66,110500,0.6957,0.6543
2026-10-07 15:00,np_v2_96,96,"32,64,128",128,0.5,True,0.001,0.0001,True,False,42,71,56,110500,0.7043,0.6911
2026-10-07 15:22,np_v2_96_s1,96,"32,64,128",128,0.5,True,0.001,0.0001,True,False,1,80,66,110500,0.7043,0.6727
2026-10-07 15:45,np_v2_96_s2,96,"32,64,128",128,0.5,True,0.001,0.0001,True,False,2,80,80,110500,0.687,0.6654
2026-10-07 20:41,np_cnn_final,96,"32,64,128",128,0.5,True,0.001,0.0001,True,False,42,71,56,110500,0.7043,0.6911
2026-10-07 23:57,np_crop_96,96,"32,64,128",128,0.5,True,0.001,0.0001,True,False,42,80,79,110500,0.7478,0.7366
2026-10-08 00:23,np_crop_96_s1,96,"32,64,128",128,0.5,True,0.001,0.0001,True,False,1,80,74,110500,0.713,0.7014
2026-10-08 01:05,np_crop_96_s2,96,"32,64,128",128,0.5,True,0.001,0.0001,True,False,2,80,78,110500,0.7391,0.7149
