date,run_name,filters,dense,dropout,lr,weight_decay,batch,augment,class_weights,epochs_run,params,val_acc,val_macro_f1
2026-10-05 15:25,cnn_v4,"32,64,128,256",128,0.5,0.001,0.0,32,True,True,44,423268,0.5913,0.5809
2026-10-05 15:37,cnn_v5,"32,64,128",128,0.5,0.001,0.0001,32,True,True,67,110948,0.7043,0.691
2026-10-05 15:46,cnn_v6,"32,64,128",128,0.3,0.001,0.0,32,True,True,63,110948,0.6696,0.6693
2026-10-05 15:55,cnn_v7,"32,64,128",128,0.5,0.001,0.0,32,True,False,77,110948,0.713,0.7
2026-10-05 16:10,cnn_v8,"32,64,128",128,0.5,0.001,0.0001,32,True,False,75,110948,0.7043,0.6886
2026-10-05 16:19,cnn_v3_s1,"32,64,128",128,0.5,0.001,0.0,32,True,True,71,110948,0.6435,0.6413
2026-10-05 16:29,cnn_v3_s2,"32,64,128",128,0.5,0.001,0.0,32,True,True,63,110948,0.6087,0.5832
2026-10-05 16:39,cnn_v8_s1,"32,64,128",128,0.5,0.001,0.0001,32,True,False,58,110948,0.6435,0.6307
2026-10-05 16:48,cnn_v8_s2,"32,64,128",128,0.5,0.001,0.0001,32,True,False,54,110948,0.687,0.6829
2026-10-05 17:06,cnn_v9_160,"32,64,128",128,0.5,0.001,0.0001,32,True,False,54,110948,0.7043,0.6928
2026-10-05 17:21,cnn_v9_160_s1,"32,64,128",128,0.5,0.001,0.0001,32,True,False,65,110948,0.687,0.6709
2026-10-05 17:32,cnn_v9_160_s2,"32,64,128",128,0.5,0.001,0.0001,32,True,False,53,110948,0.687,0.6436
