epoch,train_loss,train_acc,val_loss,val_acc,lr
1,1.4450299,0.35514018691588783,1.2639394,0.4956521739130435,0.001
2,1.238073,0.4747663551401869,1.2126058,0.4608695652173913,0.001
3,1.1834447,0.48598130841121495,1.0669861,0.5826086956521739,0.001
4,1.1390182,0.497196261682243,1.0165113,0.5739130434782609,0.001
5,1.0990397,0.5383177570093458,1.0897834,0.5130434782608696,0.001
6,1.119654,0.5009345794392523,1.0898299,0.5739130434782609,0.001
7,1.0757003,0.5308411214953271,0.9855812,0.6086956521739131,0.001
8,1.0356898,0.5495327102803739,1.0860181,0.5391304347826087,0.001
9,1.061602,0.5607476635514018,0.99972135,0.5826086956521739,0.001
10,1.0166007,0.5700934579439252,0.93469757,0.6347826086956522,0.001
11,1.0160948,0.5869158878504673,1.1225857,0.5391304347826087,0.001
12,1.0039172,0.5813084112149532,0.97720206,0.6521739130434783,0.001
13,1.0121582,0.5813084112149532,0.97009593,0.5739130434782609,0.001
14,0.950344,0.6336448598130842,1.0436304,0.5478260869565217,0.001
15,0.99114114,0.5738317757009346,1.20109,0.4608695652173913,0.001
16,0.9995366,0.6149532710280374,1.0918012,0.5652173913043478,0.001
17,0.9866229,0.5794392523364486,0.95934415,0.6347826086956522,0.0005
18,0.9459401,0.6186915887850467,0.94054896,0.6521739130434783,0.0005
19,0.89281785,0.6355140186915887,0.9011211,0.6782608695652174,0.0005
20,0.92424965,0.6392523364485981,0.92462665,0.6608695652173913,0.0005
21,0.93007654,0.6355140186915887,1.1046445,0.5478260869565217,0.0005
22,0.88759494,0.6504672897196262,0.9752589,0.591304347826087,0.0005
23,0.89252484,0.6355140186915887,0.8757663,0.6956521739130435,0.0005
24,0.8978455,0.680373831775701,0.90724236,0.6347826086956522,0.0005
25,0.8880488,0.6467289719626168,0.93571275,0.6434782608695652,0.0005
26,0.86356246,0.6672897196261682,0.98552936,0.5739130434782609,0.0005
27,0.9079292,0.6336448598130842,0.9449792,0.6173913043478261,0.0005
28,0.858147,0.6691588785046729,0.9039974,0.6695652173913044,0.0005
29,0.87168854,0.6560747663551402,0.98246765,0.6086956521739131,0.0005
30,0.8390703,0.6523364485981309,0.9622314,0.6434782608695652,0.00025
31,0.84024495,0.6485981308411215,0.8670166,0.7043478260869566,0.00025
32,0.84715205,0.6542056074766355,0.88197607,0.7130434782608696,0.00025
33,0.82095826,0.6710280373831776,0.89439577,0.6695652173913044,0.00025
34,0.87181765,0.6504672897196262,0.91507775,0.6086956521739131,0.00025
35,0.8509205,0.6635514018691588,0.8890889,0.6782608695652174,0.00025
36,0.83066726,0.6822429906542056,0.8607605,0.6956521739130435,0.00025
37,0.835259,0.6934579439252336,0.8902247,0.6695652173913044,0.00025
38,0.80437607,0.6822429906542056,0.84345025,0.7217391304347827,0.00025
39,0.79201144,0.7065420560747664,0.8523196,0.6695652173913044,0.00025
40,0.79356414,0.6841121495327103,0.8670661,0.6782608695652174,0.00025
41,0.7962273,0.702803738317757,0.8790876,0.7043478260869566,0.00025
42,0.78040016,0.7102803738317757,0.8328195,0.7043478260869566,0.00025
43,0.7815414,0.6915887850467289,0.91611737,0.6173913043478261,0.00025
44,0.7893624,0.7009345794392523,1.0740296,0.5739130434782609,0.00025
45,0.8294599,0.6579439252336449,0.82897645,0.6869565217391305,0.00025
46,0.7771598,0.7140186915887851,0.843494,0.7217391304347827,0.00025
47,0.83745915,0.6841121495327103,0.8782773,0.6782608695652174,0.00025
48,0.7969809,0.680373831775701,0.8893783,0.6869565217391305,0.00025
49,0.8208799,0.6766355140186916,0.8857207,0.6695652173913044,0.00025
50,0.7861947,0.7140186915887851,0.88884836,0.6521739130434783,0.00025
51,0.80289286,0.6953271028037383,0.8663073,0.6608695652173913,0.00025
52,0.7559051,0.7233644859813084,0.85361767,0.7043478260869566,0.000125
53,0.78902274,0.6990654205607477,0.81621796,0.7304347826086957,0.000125
54,0.7541075,0.702803738317757,0.81668854,0.7043478260869566,0.000125
55,0.7564466,0.7158878504672898,0.8452965,0.7130434782608696,0.000125
56,0.76834387,0.7065420560747664,0.8219029,0.7043478260869566,0.000125
57,0.74716,0.7214953271028037,0.82418376,0.7217391304347827,0.000125
58,0.74794424,0.7252336448598131,0.83496636,0.7217391304347827,0.000125
59,0.7607953,0.7140186915887851,0.84187263,0.7217391304347827,0.000125
60,0.7497396,0.7177570093457943,0.8073442,0.7304347826086957,6.25e-05
61,0.7329517,0.7420560747663552,0.79724544,0.7391304347826086,6.25e-05
62,0.7317681,0.7233644859813084,0.8066336,0.7391304347826086,6.25e-05
63,0.73940283,0.7214953271028037,0.83412623,0.7217391304347827,6.25e-05
64,0.74862605,0.7121495327102804,0.796292,0.7217391304347827,6.25e-05
65,0.7336209,0.7308411214953271,0.78977424,0.7391304347826086,6.25e-05
66,0.7861024,0.7065420560747664,0.80531186,0.7304347826086957,6.25e-05
67,0.73949206,0.7140186915887851,0.79891545,0.7217391304347827,6.25e-05
68,0.7150527,0.7121495327102804,0.80776525,0.7478260869565218,6.25e-05
69,0.73513126,0.7177570093457943,0.805475,0.7217391304347827,6.25e-05
70,0.73946923,0.7233644859813084,0.7963591,0.7130434782608696,6.25e-05
71,0.7290391,0.7140186915887851,0.7913407,0.7217391304347827,6.25e-05
72,0.7082281,0.7289719626168224,0.7964367,0.7217391304347827,3.125e-05
73,0.7157418,0.7514018691588785,0.7926124,0.7217391304347827,3.125e-05
74,0.7356422,0.7140186915887851,0.7935182,0.7217391304347827,3.125e-05
75,0.71648204,0.7271028037383177,0.7967176,0.7217391304347827,3.125e-05
76,0.7168326,0.7233644859813084,0.79658455,0.7217391304347827,3.125e-05
77,0.75052035,0.7158878504672898,0.7876337,0.7304347826086957,3.125e-05
78,0.74980503,0.7289719626168224,0.78592384,0.7391304347826086,3.125e-05
79,0.74446386,0.7177570093457943,0.79137933,0.7391304347826086,3.125e-05
80,0.72207457,0.7345794392523365,0.79111314,0.7304347826086957,3.125e-05
