epoch,train_loss,val_loss,val_iou,val_dice,val_iou_lesion,val_dice_lesion,lr
1,1.397135525279575,1.4311332055500576,0.21240234685895115,0.32060127287805845,0.24780273800210967,0.374034818357735,0.001
2,1.2556073559655083,1.3122744151524135,0.24820777268299438,0.3575609559741223,0.2895757347968268,0.41715444863647594,0.001
3,1.1713472896152073,1.1768728869301932,0.1760845696385424,0.26041323004696815,0.2054319979116328,0.3038154350547962,0.001
4,1.1439466661877102,1.097614301953997,0.27580030292099966,0.37292753633374026,0.3217670200744996,0.43508212572269694,0.001
5,1.089367389678955,1.2257020609719413,0.27695273469883314,0.3975988472357849,0.32311152381530533,0.46386532177508233,0.001
6,1.0407058477401734,0.9789738927568709,0.271503614458147,0.36828032625601526,0.31675421686783817,0.4296603806320177,0.001
7,1.0016844352086385,0.9786918844495501,0.34959290279331895,0.4539064681388883,0.37452505325887214,0.496224212828703,0.001
8,0.955823893017239,1.096798552785601,0.31552227395211035,0.4385512269768475,0.36810931961079546,0.5116430981396555,0.001
9,0.9324305057525635,0.9595946652548654,0.22646032448006634,0.3064578763435625,0.2642037118934108,0.35753418906748957,0.001
10,0.8892886797587077,0.9040025132043021,0.31995176949588855,0.43184596595395874,0.3399437310785366,0.47048696027961856,0.001
11,0.8999365197287665,0.9136169876371111,0.28075755643630435,0.37455580639178887,0.2942171491756885,0.4036484407904204,0.001
12,0.853864770465427,0.8547150475638253,0.3248504264240905,0.43263358804685875,0.37899216416143894,0.5047391860546686,0.001
13,0.8625882943471272,0.9338440520422799,0.27772515534095177,0.3737256834956419,0.2906793478977771,0.4026799640782489,0.001
14,0.8192564845085144,0.8048895359039306,0.3019365959508574,0.3928267888998965,0.352259361942667,0.4582979203832125,0.001
15,0.7801146374808418,0.7837217569351196,0.33540261787917014,0.4316496637931555,0.3913030541923651,0.5035912744253481,0.001
16,0.7658510658476088,0.9622385229383196,0.3166236128557824,0.42217954832758775,0.3693942149984128,0.4925428063821856,0.001
17,0.7775409354103936,0.8318989345005581,0.38735847445867544,0.4845942946242847,0.351918220201788,0.4653600103949989,0.001
18,0.7864607069227431,0.8557191474097116,0.31285641798407554,0.4132699918539882,0.3649991543147549,0.48214832382965295,0.001
19,0.7388693140612708,0.7671245098114013,0.3146448686337215,0.3982064686814083,0.33375234673934173,0.43124088012830974,0.001
20,0.7292144378026326,0.7687805346080235,0.3697469127133572,0.4839890078695269,0.43137139816558334,0.5646538425144481,0.001
21,0.7417145119773016,0.7622300284249443,0.32121944997548113,0.407079531850361,0.37475602497139465,0.4749261204920877,0.001
22,0.6904204977883233,0.7927032334463937,0.2970917943160815,0.39300905003237135,0.3466070933687618,0.45851055837109994,0.001
23,0.7221855243047078,0.7671630893434797,0.3258486676665715,0.42737599809278365,0.3801567789443335,0.4986053311082476,0.001
24,0.6653083324432373,0.7729780401502336,0.35006031655582015,0.4610520635089387,0.3750703693151235,0.5045607407604285,0.001
25,0.6974548551771376,0.7772732666560582,0.3676181911115136,0.48052131646637386,0.39555455629676595,0.5272748692107695,0.001
26,0.6888116929266188,0.745764228275844,0.37588621882735657,0.48258323543018883,0.3718672552985826,0.496347108001887,0.001
27,0.7119163764847649,0.7241378443581717,0.37477024552167004,0.4831673710091042,0.43723195310861507,0.5636952661772882,0.001
28,0.6702536225318909,0.688234373501369,0.42500937616339035,0.5165115407687939,0.395844272190622,0.502596797563593,0.001
29,0.6218855381011963,0.821005528313773,0.3683554360933784,0.44849023686069683,0.2964146754422748,0.3899052763374796,0.001
30,0.6717715740203858,0.7189729758671352,0.36598604192203704,0.4672487975497148,0.42698371557570985,0.545123597141334,0.001
31,0.6699598524305556,0.7061411585126605,0.33003243086141976,0.42718518460165206,0.38503783600498964,0.4983827153685941,0.001
32,0.676472708914015,0.9017649412155151,0.27060275403888806,0.3663242134580147,0.28236987971203603,0.39404491570101713,0.001
33,0.6394662062327067,0.7474009581974574,0.38267004352580847,0.4976362077181112,0.4464483841134432,0.5805755756711298,0.001
34,0.6283577614360385,0.7824765886579241,0.3395595563645449,0.44179098555777657,0.39615281575863565,0.5154228164840727,0.001
35,0.5978548487027486,0.7859535762241908,0.36640714857435475,0.44965496148812106,0.3274750066700805,0.4245974550694746,0.001
36,0.6095746000607808,0.9982198476791382,0.2681599630191481,0.3560743935756864,0.24618662352233944,0.34875345917163414,0.001
37,0.5732953972286648,0.7008802890777588,0.3529632054578292,0.44724498965446663,0.37845707303413423,0.48845248793021095,0.0005
38,0.5903168267673916,0.7688473394938877,0.3503638862961282,0.44038253383586895,0.34209120067881627,0.447112956141847,0.0005
39,0.6004189835654364,0.732939624786377,0.33630801271255706,0.4322884560398341,0.35902601483131663,0.4710031987131398,0.0005
40,0.5498622364468044,0.7126351901463099,0.3820829513258286,0.4955491879624286,0.4124301098801333,0.5448073859561667,0.0005
41,0.589581573009491,0.6982618400028774,0.417163271825058,0.5253994060199947,0.42002381712923437,0.5462993070233272,0.0005
42,0.5642894923686981,0.6850008760179792,0.3953700685731467,0.4884095323992175,0.39459841333533785,0.5031444544657537,0.0005
43,0.5559053142865499,0.6924098900386265,0.38117874326129453,0.49786320912989573,0.4447085338048436,0.5808404106515449,0.0005
44,0.5871637211905585,0.669798789705549,0.3659941571840688,0.4592355935099917,0.39365985004808024,0.502441525761657,0.0005
45,0.5436958405706618,0.7593069280896868,0.38174918406295544,0.4828470775634874,0.37870738140678134,0.49665492382406856,0.0005
46,0.49365603261523777,0.7267995493752616,0.4073781463840492,0.5099651632406191,0.40860783744805745,0.5282926904473889,0.0005
47,0.5232244624031914,0.6900067397526333,0.35996137441437087,0.4575668108366628,0.38662160348343266,0.5004946126427733,0.0005
48,0.5455174412992265,0.6880510432379586,0.3943664446506128,0.49343436594937423,0.39342751875904824,0.50900676027427,0.0005
49,0.5424667643176184,0.7123305865696499,0.3541290589501186,0.4517217345099125,0.41315056877513834,0.5270086902615645,0.0005
50,0.5144222113821242,0.6937121493475777,0.3621919448201502,0.45345103401627807,0.38922393562350854,0.4956928730189911,0.0005
51,0.545495273007287,0.8208510705402919,0.327357212999297,0.42564868387991056,0.34858341516584646,0.4632567978598956,0.0005
52,0.5110444161627028,0.7107786757605417,0.3738391433059244,0.4726573266659441,0.40281233385691173,0.5181002144436014,0.0005
53,0.5374360309706794,0.681291321345738,0.37518703894311983,0.465604184453723,0.4043848787669732,0.5098715485293435,0.00025
54,0.5236124462551541,0.708476049559457,0.4054274433117116,0.5069747231008872,0.4063320171969968,0.5248038436177018,0.00025
55,0.48383298582500883,0.6802581718989781,0.4193433241960905,0.5181556837148941,0.4225672115621056,0.5378482976673765,0.00025
56,0.49697272380193075,0.6869708844593593,0.3769857836453435,0.4723300841038168,0.4064834142529008,0.5177184314544528,0.00025
57,0.49289403756459554,0.7329947369439261,0.39465846915428743,0.48970019658361597,0.39376821401333534,0.5046502293475519,0.00025
58,0.4917466746436225,0.6981904642922537,0.40761971605680924,0.503489495412819,0.4088896687329441,0.5207377446482887,0.00025
59,0.4774462752872043,0.6919649566922869,0.3711755875119562,0.4756311833419271,0.43303818543061556,0.554903047232248,0.00025
60,0.46158431635962593,0.6817697695323399,0.4059014289245465,0.5013729273678236,0.4068850004119709,0.5182684152624609,0.00025
61,0.4993248873286777,0.7080875907625471,0.40776811134055096,0.5088693030471529,0.40906279656397615,0.527014186888345,0.000125
62,0.4945436173015171,0.6834688970020839,0.38737998012873537,0.48645385204632036,0.41860997681685785,0.534196160720707,0.000125
63,0.4773245758480496,0.6778565951756068,0.4010593089817152,0.4932152146681575,0.40123586047866777,0.508751083779517,0.000125
64,0.4708497166633606,0.667656591960362,0.3597227050216978,0.45680297700720346,0.41967648919198075,0.532936806508404,0.000125
65,0.4445211794641283,0.6771712405341012,0.39350353677518124,0.493931132905022,0.4257541262377114,0.5429196550558589,0.000125
66,0.4751280585924784,0.6769367149897985,0.39905241997862767,0.5002074872943978,0.432227823308399,0.5502420685101309,0.000125
67,0.4640602582030826,0.676195774759565,0.385886147769602,0.48587284941686976,0.4168671723978691,0.5335183243196814,0.000125
68,0.4215161449379391,0.681808876991272,0.4241220731045471,0.5254219762841996,0.4281424186219716,0.5463256389982329,0.000125
69,0.4810277303059896,0.6719142232622419,0.3884507287645886,0.4889211455111558,0.41985918355868673,0.5370746697630151,0.000125
70,0.4308030936453078,0.7161958694458008,0.40561207849555364,0.5073455485674895,0.4065474249114792,0.5252364733287377,0.000125
71,0.44906239906946815,0.696609388078962,0.3806320733824768,0.4808857772888658,0.4107374189462229,0.5277000735036766,0.000125
72,0.45922925339804754,0.691775039264134,0.379498947387488,0.47880476619786044,0.409415438618736,0.5252722272308371,0.000125
73,0.46556133495436774,0.6963186229978289,0.4046810520093065,0.5010975992911337,0.40546122734419093,0.5179471991729893,6.25e-05
74,0.4513457324769762,0.7108426639011928,0.37041389359622473,0.4657559455647477,0.39881620919559563,0.5100486031588722,6.25e-05
75,0.4218034505844116,0.705389632497515,0.40545129997505264,0.5030403435517519,0.4063598499708947,0.5202137341437105,6.25e-05
76,0.47375677824020385,0.7044912985392979,0.376350841728652,0.4762089463820262,0.40574264868342735,0.5222437707790305,6.25e-05
77,0.43146645492977564,0.7056313821247646,0.40459458945183674,0.50287311539054,0.4053603543604762,0.5200186346222967,6.25e-05
78,0.4627891646491157,0.7064724172864641,0.4071385949274796,0.5048475287069423,0.40832836074872614,0.5223221168247659,6.25e-05
79,0.44624135957823857,0.7050163677760533,0.39961649983850384,0.4961156453592375,0.3995525831449211,0.5121349195857773,6.25e-05
80,0.4300978561242422,0.7068182706832886,0.4027846975781946,0.50062241761045,0.403248813841227,0.5173928205455252,6.25e-05
81,0.4618324173821343,0.7023931128638131,0.40631909115822995,0.5039599991301494,0.407372273017935,0.5212866656518409,3.125e-05
82,0.4369845032691956,0.7037650585174561,0.40078019237822665,0.49716453698151286,0.4009102244412644,0.5133586264784317,3.125e-05
83,0.4189825707011753,0.6900899682726179,0.3765915370643004,0.47363826372296386,0.40602345990835054,0.5192446410101245,3.125e-05
84,0.43653471602333915,0.6973419632230486,0.3723454242745747,0.4690800818045043,0.4010696616536705,0.5139267621052551,3.125e-05
