threshold,min_blob_px,min_blob_pct,dice_all,dice_lesion,healthy_clean
0.3,0,0,0.46638861306302065,0.5441200485735239,0.0
0.3,9,0.1,0.46574226015755865,0.5433659701838185,0.0
0.3,23,0.25,0.46553334460994256,0.5431222353782664,0.0
0.3,46,0.5,0.4943275128887619,0.5433820983702222,0.2
0.3,92,1.0,0.5219780411712598,0.5423077146998031,0.4
0.3,184,2.0,0.5127440710955712,0.5315347496114997,0.4
0.4,0,0,0.46265960143233015,0.5397695350043851,0.0
0.4,9,0.1,0.4621206901461363,0.5391408051704922,0.0
0.4,23,0.25,0.5189667012778618,0.5387944848241719,0.4
0.4,46,0.5,0.5196189901344576,0.5395554884902005,0.4
0.4,92,1.0,0.5176019925698837,0.5372023246648643,0.4
0.4,184,2.0,0.5016788098948535,0.5186252782106624,0.4
0.5,0,0,0.45680297700720346,0.532936806508404,0.0
0.5,9,0.1,0.5138923493896469,0.5328744076212546,0.4
0.5,23,0.25,0.5134446051434867,0.5323520393340678,0.4
0.5,46,0.5,0.5134446051434867,0.5323520393340678,0.4
0.5,92,1.0,0.5128817053315207,0.5316953228867742,0.4
0.5,184,2.0,0.4847407197874927,0.49886417308540826,0.4
0.6,0,0,0.5092027836950479,0.5274032476442225,0.4
0.6,9,0.1,0.5091967097949457,0.5273961614274367,0.4
0.6,23,0.25,0.5091967097949457,0.5273961614274367,0.4
0.6,46,0.5,0.5097045075910441,0.5279885921895516,0.4
0.6,92,1.0,0.5050049801803,0.5225058102103501,0.4
0.6,184,2.0,0.48453464685424724,0.49862375466328845,0.4
0.7,0,0,0.5022342220881936,0.5192732591028925,0.4
0.7,9,0.1,0.5022897423245275,0.5193380327119487,0.4
0.7,23,0.25,0.5022897423245275,0.5193380327119487,0.4
0.7,46,0.5,0.5019600188724661,0.5189533553512103,0.4
0.7,92,1.0,0.49953492975859026,0.5161240847183552,0.4
0.7,184,2.0,0.49495308440818814,0.4774452651428861,0.6
